id,title,author,content
1,プログラミングの魅力,田中太郎,プログラミングは創造的なアート形式であり、忍耐力、論理性、そして細部への注意が必要です。シンプルなスクリプトの作成から複雑なソフトウェアシステムの構築まで、プログラマーはコードの力を利用して問題を解決し、革新的な解決策を生み出します。この本では、プログラミングの原理を探求し、さまざまなプログラミング言語とパラダイムに深く入り込みます。初心者でも経験豊富な開発者でも、常にプログラミングの進化する世界で新しいことが学べます。
2,宇宙の探求,山田花子,宇宙は、その星々、銀河、そして宇宙現象の広大な範囲で、人間の想像力を常に引きつけてきました。この本では、我々は宇宙と時間を超えた旅に出て、宇宙の驚異を探求します。星の誕生からブラックホールの謎まで、私たちは宇宙の最新の発見と理論について探求します。地球の枠を超えて私たちの理解を形作る宇宙の秘密を解き明かすために、一緒に旅しましょう。
3,料理の科学,佐藤直美,料理は単なる日常の雑用ではなく、芸術、化学、そして創造性を組み合わせた魅力的な科学です。この本では、料理の技術、材料の相互作用、および味のプロファイルの原理に踏み込みます。マイヤール反応からスービード調理まで、人気のある料理法や料理に関する科学を探求します。初心者の料理人でも経験豊富なシェフでも、料理の科学を理解することで、料理のスキルを新たな高みに高めることができます。
4,幸福の心理学,鈴木雅美,幸福は世界中の哲学者、心理学者、そして一般の人々を数世紀にわたって魅了してきました。この本では、幸福の複雑な心理学に踏み込み、私たちの気分、幸福、そして生活満足度に影響を与える要因を探求します。遺伝子の役割から環境と社会的関係の影響まで、幸福な人生を送ることの意味に関する最新の研究と理論を検討します。
5,歴史の旅,伊藤健太,歴史は単なる過去の出来事の記録ではなく、人間の経験、勝利、そして挑戦の豊かなタペストリーです。この本では、異なる時代や文明を旅して、私たちの世界を形作る重要な出来事、人物、文化の発展を探求します。古代文明から近代革命まで、私たちは時間と空間を超えて人類をつなぐスレッドを明らかにします。
6,ガーデニングのアート,中村太郎,ガーデニングは単なる趣味ではなく、自然と地球への私たちのつながりの創造的な表現です。この本では、ガーデニングのアートと科学を探求し、美しい景観のデザインから植物や花を育てることまでを学びます。初心者のガーデナーや経験豊富なグリーンサム、誰にでも何かがあります。
7,マインドフルネスの力,小林真理,マインドフルネスは、ストレスを軽減し、自己認識を高め、全体的な幸福感を促進する能力で広く人気を博しています。この本では、マインドフルネス瞑想の原理と日常生活への応用について探求します。
8,海洋の深淵を探る,田中太郎,海洋は、その広大な深淵と多様な海洋生物で、発見を待ちわびています。この本では、海洋の生態系、生物、地質学的な驚異に突入し、保護の重要性を解き明かします。
9,写真のアート,山本美佐子,写真は、時が止まった瞬間、感情、そして物語を捉える力
10,テクノロジーの進化,小川裕子,技術は、車輪の発明から人工知能の台頭まで、人類の文明を深く形作ってきました。この本では、技術の進化を歴史的にたどり、社会に与える影響を探求します。
11,ストーリーテリングのアート,山田太郎,ストーリーテリングは、歴史を通じて人々を楽しませ、教育し、感銘を受けさせるために使用されてきた時代を超える芸術形式です。この本では、説得力のある物語の構築から観客の感情に関わるまでの原則を探求します。
12,心の神秘,中島直美,人間の心は複雑で不可解な領域であり、何世紀にもわたって科学者や哲学者を悩ませてきました。この本では、意識、記憶、知覚など、心の神秘に踏み込みます。
13,自然界の驚異,渡辺健太,自然は、壮大な山から繊細な生態系の奇跡まで、終わりのない驚異と美しさの源です。この本では、野生動物の多様性から生態系の複雑なバランスまでを探求します。
14,交渉の芸術,斎藤真樹,交渉は、私たちの個人的および職業的な生活のあらゆる側面に影響を与える基本的なスキルです。この本では、交渉の芸術と科学を探求し、人間の心理を理解し、効果的なコミュニケーション技術を習得します。
15,倫理の哲学,吉田裕子,倫理は道徳、正義、そして正しい行動の問題に対処する哲学の分野です。この本では、功利主義などの理論を探求します。
16,アートの世界,佐々木太郎,アートは人類の創造性と表現力の重要な表現形式です。この本では、絵画、彫刻、音楽など、さまざまな芸術形式を探求します。
17,教育の未来,田中花子,教育は、次世代のリーダーや革新者を育成するための重要なプロセスです。この本では、教育の最新のトレンドと革新について探求します。
18,医学の進歩,渡部直樹,医学の進歩は、人々の健康と幸福に革命をもたらしました。この本では、医学の最新の発見と技術の進歩について探求します。
19,ロボティクスの未来,伊藤花子,ロボティクスは、産業、医療、交通などのさまざまな分野で革命をもたらしています。この本では、ロボティクスの最新の発展と将来の展望について探求します。
20,日本の文化,山田太郎,日本の文化は、古代から現代まで、世界に影響を与えてきました。この本では、日本の伝統的な芸術、食文化、祭りなどを探求します。
21,心の平和,田中花子,内なる平和は、ストレスを軽減し、精神的な安定を促進します。この本では、心の平和を育む方法について探求します。
22,宇宙飛行の未来,佐藤健太,宇宙飛行は、人類の探求心と技術の進歩を象徴しています。この本では、宇宙飛行の未来についての最新の情報を探求します。
23,環境保護の重要性,中島真理,地球の環境を保護することは、私たちの未来と生存に不可欠です。この本では、環境保護の重要性と方法について探求します。
24,AIの未来,伊藤裕子,人工知能の発展は、私たちの社会や経済に大きな影響を与えています。この本では、AIの未来についての最新の動向を探求します。
25,ビジネスの戦略,山本健太,ビジネスの成功には、戦略的な計画と実行が不可欠です。この本では、ビジネス戦略の概念と実践について探求します。
26,クリエイティブな思考,高橋花子,クリエイティブな思考は、問題解決と革新の鍵です。この本では、クリエイティブな思考の方法とテクニックについて探求します。
27,健康的なライフスタイル,佐々木裕子,健康的なライフスタイルは、幸福と充実した人生を実現するための基盤です。この本では、健康的なライフスタイルの重要性と方法について探求します。
28,デジタルマーケティングの戦略,渡辺花子,デジタルマーケティングは、現代のビジネス戦略において重要な役割を果たしています。この本では、デジタルマーケティング戦略の概念と実践について探求します。
29,ビジネスエチカ,中島太郎,ビジネスエチカは、企業が社会的責任を果たすための重要な枠組みです。この本では、ビジネスエチカの原則と実践について探求します。
30,未来のモビリティ,高橋太郎,モビリティの未来は、持続可能性とテクノロジーの進歩に基づいています。この本では、未来のモビリティに関する最新の動向を探求します。
31,心理学の基礎,田中花子,心理学の理解は、人間の行動や意思決定を理解するための重要な手段です。この本では、心理学の基本的な原則について探求します。
32,音楽の魅力,佐々木健太,音楽は感情を表現し、人々を結びつける力を持っています。この本では、音楽の魅力と影響について探求します。
33,テクノロジーの倫理,中村裕子,技術の進歩は、倫理的な問題を引き起こす可能性があります。この本では、技術の倫理に関する問題と議論について探求します。
34,教育の改革,田中太郎,教育の改革は、生徒の学習と成長を促進するための重要な取り組みです。この本では、教育の改革の原則と実践について探求します。
35,テクノロジーと社会,山田花子,技術は社会や文化を変革する力を持っています。この本では、技術と社会の関係について探求します。
36,経済学の基礎,佐藤健太,経済学の理解は、現代社会の機能を理解するための重要な要素です。この本では、経済学の基本的な概念について探求します。
37,デザインの原則,中島花子,デザインは、製品や環境を改善し、ユーザーエクスペリエンスを向上させるための重要な要素です。この本では、デザインの原則と実践について探求します。
38,科学の発見,田中太郎,科学の発見は、人類の知識と理解を拡大させる重要な役割を果たしています。この本では、科学の最新の発見について探求します。
39,自己啓発の秘訣,山田花子,自己啓発は、個人が最高の自己を実現するための旅です。この本では、自己啓発の戦略と方法について探求します。
40,社会学の原則,佐藤健太,社会学の理解は、人々の行動や社会の構造を理解するための重要な手段です。この本では、社会学の基本的な原則について探求します。
41,健康食品の利点,中村花子,健康食品は、健康と幸福を促進するための重要な要素です。この本では、健康食品の利点と選び方について探求します。
42,クリエイティブなライティング,田中太郎,クリエイティブなライティングは、想像力と表現力を鍛えるための優れた方法です。この本では、クリエイティブなライティングの技術とテクニックについて探求します。
43,未来のエネルギー,山田花子,エネルギーの未来は、持続可能性とクリーンテクノロジーに基づいています。この本では、未来のエネルギーに関する最新の動向を探求します。
44,リーダーシップの原則,佐藤健太,リーダーシップは、組織やチームを成功に導くための重要な能力です。この本では、リーダーシップの原則と実践について探求します。
45,ストレス管理の技術,中村花子,ストレス管理は、健康と幸福を促進するための重要なスキルです。この本では、ストレス管理の技術と戦略について探求します。
46,デジタルアートの世界,田中太郎,デジタルアートは、テクノロジーとアートが融合した新しい表現形式です。この本では、デジタルアートの世界とテクニックについて探求します。
47,インターネットの発展,山田花子,インターネットの発展は、情報のアクセスと共有を革命しました。この本では、インターネットの進化と影響について探求します。
48,ビジネスのイノベーション,佐藤健太,イノベーションは、新しいアイデアやアプローチによってビジネスを変革する力です。この本では、ビジネスのイノベーションについての原則と方法について探求します。
49,コミュニケーションの重要性,中村花子,コミュニケーションは、関係を構築し、理解を促進するための重要なスキルです。この本では、コミュニケーションの原則と技術について探求します。
50,ビジネスの成功法則,田中太郎,ビジネスの成功には、計画と実行が必要です。この本では、ビジネスの成功法則についての戦略と戦術について探求します。
51,データサイエンスの基礎,山田花子,データサイエンスは、データから洞察を得るための方法です。この本では、データサイエンスの基礎と応用について探求します。
52,アントレプレナーシップの精神,佐藤健太,アントレプレナーシップは、新しいビジネスを創造する能力です。この本では、アントレプレナーシップの精神と戦略について探求します。
53,教育テクノロジーの未来,中村花子,教育テクノロジーは、学習をより効果的に促進するためのツールです。この本では、教育テクノロジーの未来についての最新の動向を探求します。
54,メンタルヘルスの重要性,田中太郎,メンタルヘルスは、身体的健康と同様に重要です。この本では、メンタルヘルスの重要性と管理方法について探求します。
55,モチベーションの秘訣,山田花子,モチベーションは、目標に向かって行動する力です。この本では、モチベーションの源泉と維持方法について探求します。
56,人材管理の原則,佐藤健太,人材管理は、組織の成功に不可欠です。この本では、人材管理の基本原則と戦略について探求します。
57,スマートシティの未来,中村花子,スマートシティは、持続可能性と効率性を重視した都市の未来です。この本では、スマートシティの概念と展望について探求します。
58,サステナビリティの原則,田中太郎,サステナビリティは、地球と社会の健康を保つための原則です。この本では、サステナビリティの原則と実践について探求します。
59,コーポレートガバナンスの重要性,山田花子,コーポレートガバナンスは、企業が適切に機能するための重要な仕組みです。この本では、コーポレートガバナンスの原則と実践について探求します。
60,リーダーシップの開発,佐藤健太,リーダーシップの開発は、組織やチームのパフォーマンスを向上させるための重要な取り組みです。この本では、リーダーシップの開発についての戦略と方法について探求します。
61,イノベーションの戦略,中村花子,イノベーションは、競争力を維持するための重要な要素です。この本では、イノベーションの戦略とプロセスについて探求します。
62,デジタルマーケティングのトレンド,田中太郎,デジタルマーケティングは、常に変化しています。この本では、デジタルマーケティングの最新のトレンドと戦略について探求します。
63,ユーザーエクスペリエンスの重要性,山田花子,ユーザーエクスペリエンスは、製品やサービスの成功に不可欠です。この本では、ユーザーエクスペリエンスの原則と設計について探求します。
64,ビジネスモデルの構築,佐藤健太,ビジネスモデルは、企業の収益性と持続可能性を確保するための重要な要素です。この本では、ビジネスモデルの構築と改善について探求します。
65,データセキュリティの重要性,中村花子,データセキュリティは、個人情報や企業の機密情報を守るための重要な取り組みです。この本では、データセキュリティの重要性と戦略について探求します。
66,エコツーリズムの重要性,田中太郎,エコツーリズムは、持続可能な観光の形態です。この本では、エコツーリズムの原則と実践について探求します。
67,オープンイノベーションの戦略,山田花子,オープンイノベーションは、外部のアイデアやリソースを活用してイノベーションを促進する戦略です。この本では、オープンイノベーションの原則と実践について探求します。
68,ブロックチェーンの革命,佐藤健太,ブロックチェーン技術は、情報の透明性と安全性を向上させる可能性があります。この本では、ブロックチェーンの革命と応用について探求します。
69,リモートワークの未来,中村花子,リモートワークは、効率性と柔軟性を向上させる働き方の新しい形態です。この本では、リモートワークの未来と影響について探求します。
70,量子コンピューティングの未来,田中太郎,量子コンピューティングは、計算能力の革命をもたらす可能性があります。この本では、量子コンピューティングの未来と応用について探求します。
71,デジタル経済の展望,山田花子,デジタル経済は、インターネットとテクノロジーの進化によって形成される新しい経済の形態です。この本では、デジタル経済の展望と影響について探求します。
72,ロボット工学の進歩,佐藤健太,ロボット工学の進歩は、産業や日常生活に革命をもたらす可能性があります。この本では、ロボット工学の最新の動向と応用について探求します。
73,ビッグデータの活用,中村花子,ビッグデータは、企業や政府が意思決定を行う際に重要な役割を果たします。この本では、ビッグデータの活用と解析について探求します。
74,ネットワークセキュリティの重要性,田中太郎,ネットワークセキュリティは、サイバー攻撃から情報を守るための重要な取り組みです。この本では、ネットワークセキュリティの原則と技術について探求します。
75,アグリテックの未来,山田花子,アグリテックは、農業の効率性と持続可能性を向上させる技術です。この本では、アグリテックの未来と応用について探求します。
76,クラウドコンピューティングの普及,佐藤健太,クラウドコンピューティングは、ITリソースの効率的な利用を可能にします。この本では、クラウドコンピューティングの普及と利点について探求します。
77,バイオテクノロジーの革新,中村花子,バイオテクノロジーは、医療や農業などの分野で革新的な解決策を提供します。この本では、バイオテクノロジーの最新の進歩と応用について探求します。
78,データプライバシーの重要性,田中太郎,データプライバシーは、個人の権利と情報セキュリティを保護するための重要な取り組みです。この本では、データプライバシーの重要性と保護方法について探求します。
79,サイバーセキュリティの挑戦,山田花子,サイバーセキュリティは、常に進化する脅威に対抗するための戦いです。この本では、サイバーセキュリティの挑戦と対策について探求します。
80,エコロジカルデザインの原則,佐藤健太,エコロジカルデザインは、環境に配慮した製品やシステムの設計を指向します。この本では、エコロジカルデザインの原則と実践について探求します。
81,AIと倫理,中村花子,人工知能の使用は、倫理的な問題を引き起こす可能性があります。この本では、AIと倫理に関する問題と議論について探求します。
82,量子コンピューティングの原理,田中太郎,量子コンピューティングは、古典的なコンピューターとは異なる原理に基づいています。この本では、量子コンピューティングの原理と応用について探求します。
83,再生可能エネルギーの普及,山田花子,再生可能エネルギーは、地球温暖化とエネルギー安全保障の問題に対処するための解決策です。この本では、再生可能エネルギーの普及と利点について探求します。
84,ロボットの応用,佐藤健太,ロボット技術は、産業や日常生活に広範な応用が可能です。この本では、ロボットの応用と将来の展望について探求します。
85,デジタル教育の革新,中村花子,デジタル教育は、学習体験をよりインタラクティブにし、アクセス可能性を向上させます。この本では、デジタル教育の革新と影響について探求します。
86,サステナブルツーリズムの推進,田中太郎,サステナブルツーリズムは、地域の文化と環境を保護しながら旅行を楽しむことを目指しています。この本では、サステナブルツーリズムの推進と実践について探求します。
87,スマートファクトリーの未来,山田花子,スマートファクトリーは、自動化とデジタル化によって製造業を変革します。この本では、スマートファクトリーの未来と影響について探求します。
88,サイバーフィジカルシステムの応用,佐藤健太,サイバーフィジカルシステムは、コンピューター制御と物理的なプロセスの統合を指します。この本では、サイバーフィジカルシステムの応用と将来の展望について探求します。
89,テクノロジーの未来,中村花子,技術の進化は、私たちの生活と社会に革命をもたらします。この本では、技術の未来と影響について探求します。
90,バーチャルリアリティの世界,田中太郎,バーチャルリアリティは、現実と仮想世界を融合させる新しい体験を提供します。この本では、バーチャルリアリティの世界と応用について探求します。
91,社会的責任の重要性,山田花子,企業や個人は、社会的責任を果たすことが重要です。この本では、社会的責任の原則と実践について探求します。
92,アートと文化の影響,佐藤健太,アートと文化は、社会や個人に深い影響を与えます。この本では、アートと文化の影響について探求します。
93,エコノミックインセンティブの効果,中村花子,経済的なインセンティブは、人々の行動や意思決定に影響を与えます。この本では、エコノミックインセンティブの効果と応用について探求します。
94,インフラストラクチャーの重要性,田中太郎,インフラストラクチャーは、経済の発展と社会の機能に不可欠です。この本では、インフラストラクチャーの重要性と管理について探求します。
95,モバイルテクノロジーの進化,山田花子,モバイルテクノロジーは、コミュニケーションとビジネスの方法を変えました。この本では、モバイルテクノロジーの進化と影響について探求します。
96,教育のアクセスと平等,佐藤健太,教育のアクセスと平等は、社会の発展と公正を促進するための重要な取り組みです。この本では、教育のアクセスと平等の問題と解決策について探求します。
97,サイバー法の枠組み,中村花子,サイバー法は、インターネットやデジタル技術の利用を規制する法律の枠組みです。この本では、サイバー法の基本原則と適用について探求します。
98,ロボティクスの未来,田中太郎,ロボティクスは、産業やサービス業の分野で革新的な解決策を提供します。この本では、ロボティクスの最新の動向と応用について探求します。
99,ブランド戦略の重要性,山田花子,ブランド戦略は、企業や製品の価値を向上させるための重要な戦略です。この本では、ブランド戦略の原則と実践について探求します。
100,健康技術の革新,佐藤健太,健康技術は、健康管理と医療の分野で革新的なソリューションを提供します。この本では、健康技術の最新の進歩と応用について探求します。
